wiebel = Alexander_Wiebel
wiebel@hegel.informatik.uni-leipzig.de = Alexander_Wiebel
openwalnut@dergrosse.de = Alexander_Wiebel
wiebel@openwalnut.org = Alexander_Wiebel
wiebel_openwalnut@dergrosse.de = Alexander_Wiebel
wiebel@bsv_2008a = Alexander_Wiebel
math = Mathias_Goldau
lmath@voltaire.informatik.uni-leipzig.de = Mathias_Goldau
math@informatik.uni-leipzig.de = Mathias_Goldau
schurade@spinat.cbs.mpg.de = Ralph_Schurade
schurade = Ralph_Schurade
alois.schloegl@ist.ac.at = Alois_Schloegl
softinst@heraklit.informatik.informatik.uni-leipzig.de = Sebastian_Eichelbaum
ebaum = Sebastian_Eichelbaum
eichelbaum@informatik.uni-leipzig.de = Sebastian_Eichelbaum
Sebastian Eichelbaum = Sebastian_Eichelbaum
cornimueller = Cornelius_Mueller
cornimueller@googlemail.com = Cornelius_Mueller
mam04cvr@studserv.uni-leipzig.de = Cornelius_Mueller
hlawit = Mario_Hlawitschka
hlawitschka@informatik.uni-leipzig.de = Mario_Hlawitschka
hlawit@informatik.uni-leipzig.de = Mario_Hlawitschka
hlawitschka@ucdavis.edu = Mario_Hlawitschka
mai02igw@informatik.uni-leipzig.de = Robin_Ledig
mai02ifw@informatik.uni-leipzig.de = Robin_Ledig
mai02igw@studserv.uni-leipzig.de = Robin_Ledig
mam09epy@studserv.uni-leipzig.de = Schueller_???????
heine@informatik.uni-leipzig.de = Christian_Heine
reichenbach@berkeley.informatik.uni-leipzig.de = Andre_Reichenbach
reichenbach = Andre_Reichenbach
reichenbach@informatik.uni-leipzig.de = Andre_Reichenbach
Andre = Andre_Reichenbach
Andre Reichenbach = Andre_Reichenbach
philips@informatik.uni-leipzig.de = Stefan_Philips
frohl.robert@googlemail.com = Robert_Frohl
dirk_albrecht@gmx.net = Dirk_Albrecht
albrecht = Dirk_Albrecht
Jacob.Franziska@gmx.de = Franziska_Jacob 
jacob.franziska@gmx.de = Franziska_Jacob 
mstuber = Marcus_Stuber
matthias.berndt@studserv.uni-leipzig.de = Matthias_Berndt
pieloth@labp.htwk-leipzig.de = Christof_Pieloth
skiunke = Sebastian_Kiunke
a_berres@informatik.uni-kl.de = Anne_Berres
andreas.schwarzkopf@student.openwalnut.org = Andreas_Schwarzkopf_(Coburg)
gsommer_by@gmx.de = Gerald_Sommer
Patrick Oesterling = Patrick_Osterling
root@openwalnut.com = Unknown_________
= Unknown_________
